date,group,category,Observations,(sum) rej_count,(sum) appl_count,Applied_Accepted,Applied_Rejected,Discouraged,Appliedforoneormoretypesofcredit,Rejectedfromoneormoresourcesofcredit_givenapplied,Likelyapplytooneormoresourcesofcredit_Cat_Contin,AppliedforCreditCard,AppliedforMortage_Home-BasedLoan,AppliedforAutoLoan,RequestedIncreaseinCreditCardLimit,RequestedMortgageRefi,LikelyApplyforCreditCard_Categ_Contin,LikelyApplyforMortage_Home-BasedLoan_Categ_Contin,LikelyApplyforAutoLoan_Categ_Contin,LikelyRequestIncreaseinCreditCardLimit_Categ_Contin,LikelyRequestMortgageRefi_Categ_Contin,Closedatleastoneacctvoluntarily,Lenderclosedatleastoneacct,ChanceNeed,ChanceComeUp
201402,credit_score,less_680,163,67.46958222257226,160.63596424985872,31.983720779418945,30.417724609375,23.153804779052734,62.40144729614258,48.74522399902344,24.85373306274414,43.87528610229492,2.0621867179870605,19.71729850769043,17.749195098876953,20.078432083129883,13.304295539855957,5.140944957733154,7.976788520812988,10.167242050170898,6.79999303817749,15.396843910217285,8.105672836303711,,
201402,credit_score,between_680_760,396,30.627403793356926,336.69640348319183,47.38988494873047,6.713679313659668,3.646120309829712,54.10356521606445,12.408940315246582,39.64414978027344,35.21018600463867,9.142274856567383,18.651350021362305,10.606164932250977,13.918585777282715,12.517070770263672,6.0077691078186035,8.114919662475586,4.778827667236328,6.097740650177002,21.230165481567383,1.3211827278137207,,
201402,credit_score,over_760,353,13.501748638505603,248.52784198590848,47.79436111450195,2.8178019523620605,0.8582643866539001,50.61216354370117,5.567440032958984,25.790184020996094,24.41086769104004,8.758626937866211,19.27124786376953,7.924879550933838,13.969646453857422,10.322147369384766,8.021698951721191,7.6150431632995605,3.5606846809387207,4.7927069664001465,18.110654830932617,1.8639576435089111,,
201406,credit_score,less_680,208,95.02156149730793,220.5833705548595,33.80950927734375,29.11931610107422,15.195173263549805,62.92882537841797,46.273414611816406,27.430126190185547,45.69001007080078,7.091919898986816,17.386011123657227,24.767080307006836,16.22149085998535,7.472768306732178,7.184946537017822,8.334480285644531,5.834277629852295,12.234845161437988,17.28567886352539,11.396553039550781,,
201406,credit_score,between_680_760,391,17.372603009228527,282.62946722999334,49.761959075927734,3.8833134174346924,4.685929775238037,53.64527130126953,7.238873481750488,37.039878845214844,29.776992797851562,8.067047119140625,16.135677337646484,10.749163627624512,9.808721542358398,7.6693243980407715,9.174921035766602,9.88241195678711,5.371243953704834,13.456717491149902,21.13868522644043,2.602076292037964,,
201406,credit_score,over_760,380,10.220920515675123,225.13404993895213,44.14513397216797,2.2347192764282227,0.4154643416404724,46.379852294921875,4.818297386169434,22.9786376953125,20.56827163696289,10.556794166564941,14.188090324401855,5.284287452697754,13.33232307434082,8.465136528015137,7.740822792053223,14.438019752502441,2.0823495388031006,4.818292617797852,15.722530364990234,2.3588321208953857,,
201410,credit_score,less_680,211,76.1327757182374,167.0458261917756,27.281932830810547,25.848512649536133,19.491497039794922,53.13044738769531,48.65103530883789,38.4058837890625,34.382625579833984,4.195840358734131,18.727773666381836,12.243579864501953,12.14963436126709,9.404641151428223,3.6130733489990234,9.566774368286133,6.717991828918457,12.246439933776855,14.660017967224121,11.575547218322754,,
201410,credit_score,between_680_760,387,27.50575633170562,268.88640627646197,41.52595901489258,6.0011749267578125,2.345305919647217,47.52713394165039,12.626839637756348,38.7728157043457,27.91624641418457,6.8384246826171875,13.752657890319824,13.894701957702637,8.49168586730957,9.225064277648926,7.410364627838135,9.246932029724121,4.202884197235107,7.174354076385498,17.94463539123535,1.5680551528930664,,
201410,credit_score,over_760,408,11.447637040513202,254.20894736060274,42.950775146484375,2.8007876873016357,0.3827235996723175,45.751564025878906,6.121730804443359,29.407913208007812,27.908977508544922,7.022451400756836,15.859621047973633,5.477951526641846,7.061889171600342,6.356176853179932,4.489199161529541,9.094766616821289,1.7313889265060425,3.8010377883911133,18.765602111816406,3.5993502140045166,,
201502,credit_score,less_680,210,93.79747690433943,206.83482063971252,26.647945404052734,29.56743621826172,17.455808639526367,56.21538162231445,52.596702575683594,35.42924118041992,38.608360290527344,5.86099100112915,22.183320999145508,23.824241638183594,9.029194831848145,15.215597152709961,9.021316528320312,12.162979125976562,9.783219337463379,21.217166900634766,18.653228759765625,8.524161338806152,,
201502,credit_score,between_680_760,363,22.262575898530915,280.46155978064405,43.32572555541992,5.415117263793945,3.3393821716308594,48.7408447265625,11.110018730163574,30.196674346923828,28.121538162231445,9.830695152282715,16.979583740234375,13.89627742767334,6.047805309295654,12.066580772399902,8.409581184387207,13.995783805847168,6.424925327301025,13.658405303955078,18.218965530395508,1.9548087120056152,,
201502,credit_score,over_760,418,5.767586570962505,246.82253162208124,43.693355560302734,0.9998124837875366,1.0740034580230713,44.69316864013672,2.2370588779449463,25.980993270874023,23.51067543029785,7.461691379547119,16.075563430786133,6.157104969024658,7.552920818328857,10.980941772460938,9.123178482055664,11.400123596191406,3.898709297180176,9.179488182067871,15.806914329528809,1.258371353149414,,
201506,credit_score,less_680,201,54.56463087789125,181.54181017733626,38.458492279052734,19.299152374267578,17.329233169555664,57.75764465332031,33.414024353027344,33.189208984375,38.643157958984375,7.591161727905273,18.406526565551758,23.36839485168457,7.931224822998047,16.944814682006836,11.13550853729248,15.792560577392578,15.9821138381958,18.6959285736084,11.312767028808594,12.788985252380371,,
201506,credit_score,between_680_760,340,18.706263890941845,270.5988942968296,45.44374465942383,4.922066688537598,2.831989288330078,50.36581039428711,9.772634506225586,36.25420379638672,28.740278244018555,10.127301216125488,16.06789779663086,14.4154691696167,8.68699836730957,10.258284568786621,11.386679649353027,14.521590232849121,7.194117069244385,12.649855613708496,16.016267776489258,1.0662379264831543,,
201506,credit_score,over_760,426,5.728831736922544,271.68138489709406,47.997806549072266,1.3729952573776245,0.3170549273490906,49.37080001831055,2.7809863090515137,27.245441436767578,28.156225204467773,6.773570537567139,17.14852523803711,6.734353065490723,10.13383960723877,9.640693664550781,6.880705833435059,12.221308708190918,5.0384392738342285,7.535272121429443,15.000812530517578,2.1986374855041504,,
201510,credit_score,less_680,188,62.60184833879632,170.73494787727773,33.103240966796875,24.006683349609375,22.27392578125,57.10992431640625,42.03592300415039,33.771663665771484,36.02802276611328,8.660796165466309,16.93767738342285,24.866943359375,15.820639610290527,12.710623741149902,6.292177200317383,11.15584945678711,13.13793659210205,8.266053199768066,12.61526107788086,7.195317268371582,30.638351440429688,33.717899322509766
201510,credit_score,between_680_760,313,27.417804726288548,262.1228697118345,48.78197479248047,7.591318130493164,1.1888954639434814,56.373294830322266,13.466160774230957,41.60422897338867,33.167137145996094,8.315047264099121,17.34308433532715,18.210132598876953,11.160467147827148,10.110032081604004,13.135171890258789,14.66559886932373,8.9578275680542,12.511055946350098,16.66997528076172,1.8684202432632446,29.636211395263672,77.52994537353516
201510,credit_score,over_760,445,5.661394086003039,273.7369892422351,47.0768928527832,1.27926766872406,0.12265519797801971,48.35615921020508,2.6455111503601074,21.18933868408203,24.787050247192383,8.607416152954102,14.936629295349121,6.8434624671936035,10.932035446166992,9.373177528381348,7.944893836975098,8.810914993286133,3.6670775413513184,8.22144889831543,15.23494815826416,0.9535657167434692,32.21855926513672,88.14838409423828
201602,credit_score,less_680,189,58.706665723973586,167.69594377512772,27.99448013305664,23.870805740356445,18.965696334838867,51.86528778076172,46.024627685546875,39.24911117553711,38.87253952026367,4.898571968078613,13.06982421875,21.028640747070312,17.16388702392578,12.62053394317627,9.240521430969238,10.44591999053955,10.783257484436035,12.189451217651367,9.36307430267334,12.580865859985352,33.099361419677734,37.161983489990234
201602,credit_score,between_680_760,342,15.214441043026504,303.3521362629244,55.507625579833984,4.284172534942627,1.2842680215835571,59.79179763793945,7.165151119232178,34.10435104370117,34.48593521118164,7.11892032623291,22.214555740356445,16.978496551513672,11.684088706970215,13.653075218200684,8.158324241638184,15.874378204345703,8.003327369689941,10.980569839477539,16.997562408447266,0.9263622760772705,31.905927658081055,74.00694274902344
201602,credit_score,over_760,405,3.93985586958807,234.27846924351226,42.13487243652344,0.911815881729126,0.1681768298149109,43.046688079833984,2.118201971054077,22.94269371032715,19.036300659179688,8.903826713562012,17.069822311401367,6.871506690979004,10.428512573242188,9.224161148071289,6.115453720092773,10.306782722473145,2.910609006881714,5.697086334228516,17.26597785949707,1.3687527179718018,33.05606460571289,88.04914855957031
201606,credit_score,less_680,198,56.38037001417755,176.78188352453552,34.846923828125,20.588680267333984,21.94180679321289,55.435604095458984,37.13981246948242,31.248056411743164,36.61127471923828,6.177669525146484,16.066116333007812,23.634754180908203,11.704712867736816,12.643085479736328,9.486109733581543,14.614982604980469,9.371875762939453,17.846376419067383,19.95119285583496,13.27151870727539,34.00566482543945,36.251197814941406
201606,credit_score,between_680_760,319,19.102523615871768,268.35830953411823,50.6722297668457,5.554438591003418,1.4838645458221436,56.22666931152344,9.878655433654785,33.52568435668945,35.163700103759766,6.23814582824707,19.554336547851562,12.125346183776855,13.20787239074707,15.264689445495605,8.373969078063965,14.160205841064453,7.872697830200195,11.528359413146973,16.125896453857422,1.3609306812286377,31.761871337890625,66.38506317138672
201606,credit_score,over_760,462,5.618430423125107,305.33152643376064,46.619571685791016,1.2332935333251953,0.33486291766166687,47.852867126464844,2.5772616863250732,26.401336669921875,28.988758087158203,9.1156587600708,14.668904304504395,7.321624279022217,8.299280166625977,8.470293045043945,7.520209312438965,10.72380256652832,2.363847494125366,10.545732498168945,15.137946128845215,2.7637882232666016,35.64655685424805,85.58899688720703
201610,credit_score,less_680,213,71.35181785763109,212.56103481315168,33.8635368347168,22.958026885986328,17.26835060119629,56.821563720703125,40.40372085571289,39.037994384765625,36.919036865234375,5.043564796447754,17.329620361328125,34.26943588256836,15.545450210571289,18.847684860229492,9.094888687133789,16.481996536254883,14.368256568908691,9.921454429626465,17.66521453857422,11.300497055053711,34.57954025268555,36.94194793701172
201610,credit_score,between_680_760,340,25.613107234347915,285.6444649021089,49.31379318237305,5.78913688659668,2.8433613777160645,55.10293197631836,10.506041526794434,31.39942169189453,31.554819107055664,13.110858917236328,15.596051216125488,9.191597938537598,17.294635772705078,10.071298599243164,8.1097993850708,12.496805191040039,5.612358093261719,15.900361061096191,12.379390716552734,0.9913164973258972,37.709678649902344,74.05938720703125
201610,credit_score,over_760,448,14.427038971046306,270.47192694445204,42.103912353515625,2.2309346199035645,0.9535098075866699,44.33484649658203,5.03201150894165,24.882431030273438,25.48275375366211,6.702763080596924,15.055840492248535,4.660735130310059,11.512717247009277,9.550232887268066,6.7421793937683105,11.753417015075684,2.672041177749634,11.06340503692627,17.03847885131836,2.5484795570373535,31.08837127685547,84.00543212890625
201702,credit_score,less_680,212,61.65715600413349,162.62827852817523,28.014326095581055,24.973299026489258,25.404340744018555,52.98762512207031,47.130435943603516,30.7056884765625,32.49470138549805,4.694413661956787,18.894210815429688,13.267154693603516,7.12479829788208,15.378793716430664,11.322577476501465,14.995777130126953,10.030135154724121,10.174209594726562,13.83828353881836,16.88559913635254,34.120643615722656,36.18671417236328
201702,credit_score,between_680_760,358,25.19258598749202,271.8564218127241,47.128963470458984,5.778055667877197,2.581132173538208,52.90701675415039,10.921151161193848,33.23443603515625,27.905838012695312,10.52153491973877,15.229623794555664,9.153695106506348,17.01883888244629,10.447504997253418,10.973676681518555,13.12275218963623,6.7104411125183105,9.563544273376465,15.257287979125977,3.323619842529297,31.682994842529297,71.86481475830078
201702,credit_score,over_760,491,11.1147302211194,275.5733983021943,41.82782745361328,1.8705660104751587,0.17077401280403137,43.698394775390625,4.280628681182861,22.322572708129883,21.831239700317383,6.939255714416504,16.005708694458008,5.728993892669678,11.300583839416504,9.847302436828613,7.118304252624512,11.316251754760742,4.6932244300842285,7.4594621658325195,16.071828842163086,1.5863932371139526,30.901031494140625,89.11798095703125
201706,credit_score,less_680,207,76.38025219243195,207.60127280444854,27.103281021118164,34.260684967041016,14.604887008666992,61.36396408081055,55.83192825317383,30.551931381225586,40.08736801147461,9.745157241821289,22.719961166381836,21.54619598388672,16.645193099975586,11.658530235290527,9.406537055969238,13.823564529418945,11.522516250610352,11.544988632202148,12.856209754943848,19.22186279296875,31.378414154052734,40.482948303222656
201706,credit_score,between_680_760,354,19.61300330753967,325.69049983090287,55.42647933959961,5.4492692947387695,2.6382861137390137,60.87574768066406,8.951461791992188,27.162887573242188,36.90101623535156,9.223248481750488,19.276277542114258,15.482048034667969,13.209761619567871,11.223085403442383,7.225799083709717,12.165183067321777,5.89993143081665,9.2304105758667,18.518505096435547,1.8944894075393677,34.126094818115234,70.54666137695312
201706,credit_score,over_760,502,11.316424665616644,290.7230260889413,44.47294998168945,2.1536591053009033,0.0,46.626609802246094,4.618948936462402,24.43244171142578,24.291790008544922,7.946962833404541,14.737688064575195,5.893069267272949,7.960581302642822,9.997514724731445,7.419807434082031,9.981035232543945,5.166227340698242,4.523339748382568,20.47624969482422,3.8856706619262695,32.9570198059082,87.40705871582031
201710,credit_score,less_680,203,61.22493679148879,166.61072736024602,31.482181549072266,23.3746280670166,21.099267959594727,54.856807708740234,42.61025619506836,33.57533645629883,33.266029357910156,10.072400093078613,15.084465980529785,21.24858283996582,5.276390552520752,11.30160903930664,5.904170989990234,13.55653190612793,8.754186630249023,15.896561622619629,19.88568115234375,15.751869201660156,33.44325637817383,38.39338684082031
201710,credit_score,between_680_760,362,23.452543333002737,296.4563979943029,48.17934036254883,5.689738750457764,1.0008807182312012,53.86907958984375,10.56216049194336,23.476369857788086,31.467958450317383,14.672816276550293,17.05200958251953,11.682010650634766,8.240987777709961,9.287161827087402,6.094967365264893,10.126205444335938,6.982875347137451,9.404372215270996,12.254158973693848,2.002537488937378,33.45812225341797,69.15272521972656
201710,credit_score,over_760,507,3.8522605125864504,309.0706095574213,46.8673095703125,0.4564199447631836,0.24899697303771973,47.32373046875,0.9644631743431091,25.05660629272461,25.064205169677734,6.766727447509766,17.869667053222656,6.431570529937744,9.432912826538086,11.166675567626953,7.28753137588501,12.172087669372559,4.411012649536133,6.1203999519348145,15.09312629699707,3.298030138015747,33.494720458984375,89.61518859863281
201802,credit_score,less_680,206,78.29267038598324,151.0031045957313,21.555505752563477,24.492795944213867,27.26473045349121,46.048301696777344,53.18935775756836,24.84148597717285,31.990039825439453,5.810471534729004,14.538688659667969,17.239749908447266,9.048420906066895,10.213207244873047,6.416945934295654,8.61531925201416,9.369431495666504,10.074287414550781,12.831751823425293,22.53142547607422,31.7221736907959,34.57305145263672
201802,credit_score,between_680_760,350,18.930256412608948,265.26692376671593,47.092750549316406,4.672577857971191,0.7113609910011292,51.76532745361328,9.02646255493164,27.663740158081055,27.389774322509766,11.549958229064941,18.185762405395508,11.701257705688477,9.22274398803711,8.928629875183105,7.773344039916992,11.086650848388672,7.64290714263916,9.310667991638184,14.278877258300781,0.812380313873291,33.485572814941406,77.74004364013672
201802,credit_score,over_760,485,7.043868486294024,290.5935703237373,44.97993469238281,1.3939075469970703,0.0,46.37384033203125,3.005805492401123,20.05889892578125,24.576923370361328,6.862091064453125,19.736766815185547,4.605828285217285,8.049347877502441,9.338325500488281,7.298336505889893,10.473008155822754,3.683150291442871,3.882132053375244,16.501415252685547,1.15966796875,36.434051513671875,89.65064239501953
201806,credit_score,less_680,211,92.5639165527102,177.7333868507844,21.444372177124023,28.494091033935547,17.886669158935547,49.9384651184082,57.058406829833984,24.797840118408203,34.82200241088867,4.17758321762085,16.17161750793457,24.082277297973633,8.926373481750488,14.124964714050293,8.889331817626953,11.012228012084961,10.142721176147461,12.76042652130127,14.474725723266602,18.136560440063477,29.84233856201172,30.685487747192383
201806,credit_score,between_680_760,315,22.83986078161269,230.97440913112337,42.580650329589844,6.252573490142822,1.7687567472457886,48.83322525024414,12.803933143615723,32.286865234375,29.723215103149414,8.437039375305176,14.248668670654297,13.80319881439209,9.535876274108887,9.649184226989746,6.7653632164001465,12.66326904296875,5.689472675323486,7.961269855499268,18.17461585998535,2.1534900665283203,33.735267639160156,70.4725112915039
201806,credit_score,over_760,498,6.60664509852191,280.3071589187043,39.78385925292969,1.2986485958099365,0.30683842301368713,41.0825080871582,3.161074161529541,25.46939468383789,21.284208297729492,9.717077255249023,15.327482223510742,7.512244701385498,6.27921199798584,10.047317504882812,8.406532287597656,12.35874080657959,3.8890140056610107,4.265508651733398,15.471233367919922,3.9627575874328613,35.98693084716797,88.34780883789062
201810,credit_score,less_680,227,96.38515229578498,235.24563328640744,30.642837524414062,29.545080184936523,18.104093551635742,60.18791961669922,49.08805847167969,28.946670532226562,44.833404541015625,7.3267107009887695,17.633623123168945,27.24265480041504,13.394481658935547,11.226045608520508,7.391955375671387,8.47595500946045,10.109493255615234,7.218130111694336,16.036720275878906,15.575981140136719,27.40914535522461,34.20103454589844
201810,credit_score,between_680_760,344,29.690874826418778,262.6913979815638,41.30323028564453,6.827497959136963,1.1699365377426147,48.13072967529297,14.185319900512695,33.40717697143555,29.841672897338867,6.802778720855713,17.184829711914062,12.516280174255371,10.776615142822266,12.099461555480957,9.511655807495117,11.254982948303223,5.493176460266113,9.265084266662598,14.550726890563965,4.294156074523926,35.167320251464844,70.65805053710938
201810,credit_score,over_760,500,6.585002183063424,301.52006047499526,44.144622802734375,1.3248522281646729,0.1139824315905571,45.46947479248047,2.913717746734619,26.498592376708984,25.793006896972656,7.955974102020264,13.868453025817871,7.142532825469971,7.581995487213135,11.782118797302246,7.540772438049316,11.797773361206055,4.439686298370361,4.777889728546143,17.27895164489746,4.655092716217041,34.54859924316406,89.62444305419922
201902,credit_score,less_680,208,63.19755445704618,189.39100793657298,37.19571304321289,19.17119026184082,20.559499740600586,56.366905212402344,34.01143264770508,32.48411560058594,36.24705505371094,1.988996148109436,19.285978317260742,34.510772705078125,12.006988525390625,13.406350135803223,7.831459999084473,9.470667839050293,11.555794715881348,7.298216819763184,18.686220169067383,16.784381866455078,30.368783950805664,39.88414764404297
201902,credit_score,between_680_760,357,28.71400183231292,257.1255819639943,43.8032341003418,7.317981719970703,3.3311684131622314,51.1212158203125,14.314960479736328,31.70427703857422,27.309301376342773,10.9309663772583,11.578426361083984,12.072860717773438,10.028151512145996,11.498743057250977,7.144755840301514,12.811946868896484,8.124581336975098,8.489043235778809,15.46491813659668,4.389316082000732,34.582916259765625,70.7833480834961
201902,credit_score,over_760,512,7.887787121493082,267.8064867481214,40.05249786376953,1.4824377298355103,0.34963154792785645,41.534934997558594,3.569134473800659,26.387176513671875,22.77359962463379,9.35614013671875,11.3878755569458,6.180970191955566,4.747531890869141,10.389603614807129,7.450753688812256,12.778131484985352,4.812559127807617,5.453495025634766,13.543408393859863,2.614793539047241,33.590545654296875,89.06670379638672
201906,credit_score,less_680,190,63.047602878672194,160.30800237347108,26.906389236450195,25.88835906982422,18.894287109375,52.79474639892578,49.035858154296875,38.69833755493164,38.0960807800293,4.7958173751831055,15.139552116394043,28.785673141479492,5.178347110748291,15.710073471069336,6.995023250579834,15.203141212463379,8.966612815856934,7.683198928833008,15.950201034545898,18.52754783630371,31.867952346801758,34.95441436767578
201906,credit_score,between_680_760,339,27.15092850341637,257.31663698962285,44.2071647644043,6.9859299659729,3.7663824558258057,51.19309616088867,13.646234512329102,29.216957092285156,32.70478439331055,9.043416976928711,14.337320327758789,12.843498229980469,9.832249641418457,11.164462089538574,11.06261920928955,12.072793006896973,6.477816581726074,10.634492874145508,14.273104667663574,3.174306631088257,34.713809967041016,70.50006103515625
201906,credit_score,over_760,547,9.63372567018913,304.2127478039379,42.032928466796875,1.7809752225875854,1.2531094551086426,43.81390380859375,4.064863204956055,22.583423614501953,24.23482322692871,9.871173858642578,10.696666717529297,6.753325939178467,5.321689128875732,10.003761291503906,7.439877033233643,11.067197799682617,5.049663066864014,6.619011878967285,18.7762451171875,3.5576748847961426,34.17466735839844,89.09427642822266
201910,credit_score,less_680,199,81.03501688495724,191.30446986716993,25.55807876586914,27.540082931518555,18.0108699798584,53.09816360473633,51.866355895996094,23.491809844970703,34.435794830322266,10.957388877868652,19.01976203918457,25.74199676513672,12.903605461120605,13.349631309509277,8.413629531860352,11.964043617248535,11.356328964233398,11.710979461669922,14.641438484191895,12.70148754119873,29.387939453125,34.38718795776367
201910,credit_score,between_680_760,321,10.721799396655042,240.8988821543882,48.736549377441406,2.9633915424346924,1.825866937637329,51.6999397277832,5.731904983520508,29.65237045288086,30.89307975769043,9.7860689163208,14.731074333190918,11.245121955871582,10.577003479003906,11.460603713989258,9.727560043334961,12.839290618896484,7.254435062408447,13.668719291687012,15.666504859924316,4.279685020446777,36.103118896484375,72.93856048583984
201910,credit_score,over_760,534,8.322512383256766,294.7780829623362,40.22773361206055,1.5310026407241821,0.16124917566776276,41.75873565673828,3.6663050651550293,24.837862014770508,22.555112838745117,7.738420486450195,11.89893627166748,7.526688575744629,9.575403213500977,12.480196952819824,8.234841346740723,9.82486343383789,6.530869483947754,10.628097534179688,14.724594116210938,4.170944690704346,36.93466567993164,89.84204864501953
202002,credit_score,less_680,184,49.548931129430485,141.71771009434488,29.88361930847168,20.60582733154297,21.647785186767578,50.721778869628906,40.8121452331543,31.058462142944336,31.678537368774414,3.5718345642089844,15.486886024475098,25.168533325195312,13.529065132141113,14.167628288269043,10.905641555786133,13.217759132385254,12.903820037841797,13.642946243286133,15.052279472351074,16.19600486755371,31.56877326965332,34.87360382080078
202002,credit_score,between_680_760,325,20.870429644436374,283.1560123723674,46.62929916381836,5.869231224060059,1.760330319404602,52.498531341552734,11.179800987243652,37.69562530517578,32.98199462890625,9.4109525680542,16.034488677978516,18.450469970703125,12.365714073181152,14.200994491577148,10.227496147155762,12.471546173095703,9.967656135559082,11.820612907409668,17.605703353881836,2.69516921043396,31.049562454223633,73.1675033569336
202002,credit_score,over_760,572,4.086466085989457,325.3419292169859,43.18368148803711,0.686879575252533,0.9944545030593872,43.87056350708008,1.5656957626342773,24.722312927246094,21.52891731262207,7.474934101104736,15.065459251403809,6.7273454666137695,9.754112243652344,12.064380645751953,6.950406074523926,9.026174545288086,6.4077653884887695,9.75017261505127,19.492778778076172,4.632080078125,34.63180923461914,90.13744354248047
202006,credit_score,less_680,168,49.43976698136133,115.1465359841618,24.345041275024414,18.60817527770996,24.668956756591797,42.953216552734375,43.321956634521484,25.46900177001953,27.336820602416992,4.486379623413086,13.109451293945312,25.373672485351562,7.77700138092041,12.118680000305176,6.734328269958496,12.224868774414062,13.741103172302246,8.360565185546875,25.451204299926758,14.767938613891602,32.40031433105469,36.18027877807617
202006,credit_score,between_680_760,294,14.911139923903884,180.82958979852165,38.6153564453125,3.474919319152832,2.802189588546753,42.090274810791016,8.255871772766113,25.32638931274414,18.930097579956055,6.038006782531738,16.86229133605957,6.951932430267334,18.66205406188965,5.873563289642334,6.0944108963012695,7.880293369293213,6.138033390045166,16.284400939941406,15.70121955871582,2.348994016647339,33.0514030456543,70.42994689941406
202006,credit_score,over_760,510,6.655340234597919,277.35661612585466,39.3885612487793,1.1802778244018555,0.35898035764694214,40.5688362121582,2.9093213081359863,24.174821853637695,18.315298080444336,6.112711429595947,13.522835731506348,5.764885425567627,16.4864559173584,8.723468780517578,7.54894495010376,9.468376159667969,4.229962348937988,10.732268333435059,13.154603004455566,2.3066861629486084,35.07946014404297,91.20326232910156
202010,credit_score,less_680,160,42.90017416057583,86.97109322573763,15.967215538024902,19.67009925842285,31.18948745727539,35.63731384277344,55.19523239135742,30.156471252441406,22.583816528320312,0.5667327642440796,15.315187454223633,17.87824821472168,6.208408355712891,12.812090873718262,3.2183985710144043,9.722671508789062,14.093524932861328,7.8589982986450195,22.40958595275879,14.452661514282227,30.632658004760742,32.87086486816406
202010,credit_score,between_680_760,288,15.64777888971176,161.51368481589935,32.5682258605957,4.254572868347168,1.7561771869659424,36.82279968261719,11.554181098937988,30.294511795043945,15.769302368164062,6.349208354949951,14.372041702270508,8.39324951171875,13.201362609863281,7.757537364959717,5.473268985748291,13.384552955627441,6.500633716583252,10.14611530303955,15.104889869689941,3.369656801223755,30.650541305541992,63.36479187011719
202010,credit_score,over_760,509,11.626972398306256,253.2033535268492,35.41813659667969,2.0449893474578857,0.10696062445640564,37.46312713623047,5.458672523498535,24.047956466674805,14.186691284179688,8.179525375366211,10.26661205291748,3.3131041526794434,21.70800018310547,7.192591667175293,6.113940238952637,9.169456481933594,3.423041582107544,13.249236106872559,17.119796752929688,4.6185102462768555,31.407867431640625,84.32781982421875
202102,credit_score,less_680,170,61.54966507943984,119.9532797085085,19.674949645996094,23.532310485839844,28.138471603393555,43.20726013183594,54.46378707885742,36.9798469543457,25.768634796142578,3.6582586765289307,10.443769454956055,26.431499481201172,22.52128791809082,13.083481788635254,8.447968482971191,11.617384910583496,15.250799179077148,18.917076110839844,16.211599349975586,13.83530044555664,29.560176849365234,30.11529541015625
202102,credit_score,between_680_760,294,29.75709210403743,242.54946454935126,45.13348388671875,8.008918762207031,0.9560065269470215,53.14240264892578,15.07067584991455,33.34065628051758,22.2850284576416,12.871310234069824,23.930713653564453,9.67705249786377,20.405221939086914,10.173741340637207,11.183423042297363,13.260759353637695,7.97308874130249,12.444709777832031,13.099835395812988,3.0176422595977783,37.275482177734375,67.04792785644531
202102,credit_score,over_760,529,16.123415273674674,309.35653125751,41.033172607421875,2.828645944595337,0.0,43.86181640625,6.448994159698486,30.30337905883789,16.553613662719727,7.748661041259766,12.848563194274902,4.47278356552124,28.673059463500977,11.22896957397461,8.09070873260498,11.473641395568848,5.50474214553833,14.636967658996582,15.000870704650879,5.3675618171691895,39.584293365478516,89.0743637084961
202106,credit_score,less_680,178,46.85111614917592,147.42031484596134,27.738035202026367,21.832319259643555,28.5789794921875,49.57035446166992,44.04309844970703,34.38213348388672,35.74561309814453,6.572390079498291,14.801504135131836,21.66175079345703,16.58330535888672,13.408227920532227,11.47518253326416,10.317069053649902,11.737464904785156,11.959604263305664,14.34597396850586,17.33434295654297,28.351211547851562,29.900182723999023
202106,credit_score,between_680_760,316,25.77518331686975,265.10367276247445,45.17543029785156,5.605148792266846,4.1057000160217285,50.78057861328125,11.03797721862793,35.47475051879883,26.333566665649414,7.515974998474121,18.42262840270996,12.663834571838379,31.916501998901367,10.520308494567871,8.644067764282227,16.914581298828125,7.860859394073486,7.296853065490723,15.868706703186035,2.8263418674468994,34.18803405761719,70.30638885498047
202106,credit_score,over_760,553,14.21364469627894,365.222848887314,43.868690490722656,2.0746734142303467,0.15642209351062775,46.231082916259766,4.515719413757324,25.66585922241211,18.91260528564453,8.056732177734375,17.167545318603516,6.598442077636719,27.71277618408203,9.566397666931152,7.405860900878906,10.460524559020996,5.806769847869873,11.454967498779297,13.221559524536133,3.729825973510742,31.576353073120117,85.75602722167969
202110,credit_score,less_680,172,74.26585812979566,170.37309550375457,30.571943283081055,28.40282440185547,16.440214157104492,58.97476577758789,48.16097640991211,37.58102035522461,44.7322883605957,5.013615131378174,13.425472259521484,26.09364128112793,10.62843132019043,20.151649475097656,12.635303497314453,14.487329483032227,12.352363586425781,9.460501670837402,17.638534545898438,17.44672203063965,35.61419677734375,30.180221557617188
202110,credit_score,between_680_760,287,27.752738926200212,241.93291080678964,43.22771072387695,7.786448955535889,3.345881223678589,51.01416015625,15.26330852508545,37.11382293701172,30.121946334838867,11.872864723205566,14.881572723388672,14.005606651306152,24.44061851501465,13.771283149719238,8.09516716003418,14.489002227783203,7.934729099273682,10.824573516845703,16.962268829345703,4.232178688049316,31.49381446838379,69.06055450439453
202110,credit_score,over_760,575,7.372325131694854,342.6134261373125,42.2632942199707,1.2188771963119507,1.509663462638855,43.48217010498047,2.8031654357910156,23.509523391723633,18.69763946533203,9.44678783416748,13.209036827087402,5.268803596496582,22.439464569091797,8.5787935256958,7.873679161071777,9.5668306350708,4.493252754211426,7.750359058380127,10.646458625793457,3.611610174179077,32.426124572753906,85.2105484008789
202202,credit_score,less_680,155,59.52225610154594,134.4256525020416,30.940902709960938,23.076526641845703,21.163578033447266,54.01742935180664,42.72052001953125,29.609569549560547,41.79983139038086,3.7256760597229004,11.124253273010254,24.468658447265625,9.601994514465332,16.4818058013916,7.1767754554748535,9.553596496582031,13.592552185058594,7.5629706382751465,18.958967208862305,17.443016052246094,24.1789493560791,29.731075286865234
202202,credit_score,between_680_760,284,13.947552057967268,176.04775786667247,36.42094802856445,3.9893500804901123,4.681574821472168,40.41029739379883,9.872113227844238,32.04166793823242,22.403675079345703,6.80936861038208,11.746620178222656,10.140939712524414,18.84101104736328,11.546354293823242,10.13864517211914,14.127422332763672,6.289113998413086,8.70327091217041,17.25473403930664,2.676631212234497,29.628536224365234,67.91487884521484
202202,credit_score,over_760,576,16.66529241903219,379.37291233461167,43.58256149291992,2.3215644359588623,1.144526481628418,45.90412521362305,5.057420253753662,24.26288604736328,21.61849594116211,9.469853401184082,16.55922508239746,7.886972427368164,18.610136032104492,9.859394073486328,6.467182636260986,12.246479034423828,4.838630676269531,7.316147327423096,13.572569847106934,3.1022939682006836,31.97101402282715,84.42122650146484
202206,credit_score,less_680,163,68.76291067868655,135.56384600753336,24.9849853515625,22.493282318115234,19.90334701538086,47.478267669677734,47.375953674316406,28.919111251831055,38.6907844543457,4.682353973388672,12.2401762008667,24.816213607788086,11.433862686157227,17.704753875732422,6.281202793121338,9.564827919006348,13.298749923706055,12.750946044921875,24.48633575439453,13.81702995300293,30.966920852661133,29.109142303466797
202206,credit_score,between_680_760,274,33.576962240068866,222.2304151288552,45.27033233642578,9.123435974121094,1.88731849193573,54.393768310546875,16.7729434967041,29.75858497619629,34.93523406982422,9.15153694152832,15.085502624511719,16.228443145751953,11.90971565246582,15.902534484863281,8.331587791442871,10.081093788146973,9.679346084594727,5.727564811706543,12.73080825805664,1.332123041152954,35.08407974243164,64.75309753417969
202206,credit_score,over_760,584,12.777394585186817,334.43885147315245,41.8556022644043,2.095447301864624,0.30872392654418945,43.9510498046875,4.767684459686279,21.250255584716797,22.04096221923828,9.224567413330078,13.161349296569824,6.5034918785095215,10.321280479431152,9.817987442016602,7.892432689666748,13.778402328491211,4.841163158416748,4.561315536499023,12.174992561340332,3.2374696731567383,35.45322799682617,86.72188568115234
202210,credit_score,less_680,169,69.65885205293638,135.8352457561778,23.591407775878906,25.123126983642578,22.09621810913086,48.714534759521484,51.57213592529297,27.124900817871094,33.058998107910156,4.894532680511475,12.686334609985352,25.852035522460938,8.164848327636719,15.18295669555664,8.455363273620605,8.762064933776855,12.662596702575684,8.800836563110352,16.355464935302734,20.49015998840332,32.264495849609375,31.3054141998291
202210,credit_score,between_680_760,303,26.5349672774028,206.25810955872237,41.00202941894531,6.729734420776367,5.445318222045898,47.73176574707031,14.099068641662598,36.432044982910156,28.475034713745117,7.253381729125977,13.974343299865723,10.844476699829102,11.742229461669922,17.519561767578125,7.410487651824951,11.373417854309082,9.09879207611084,6.822824478149414,19.08902359008789,1.9955322742462158,31.8979549407959,68.65636444091797
202210,credit_score,over_760,512,11.742288104791337,303.09479229744727,42.425750732421875,2.2115797996520996,0.12052224576473236,44.637332916259766,4.954552173614502,23.84754180908203,25.785030364990234,8.058920860290527,13.742931365966797,6.240477085113525,7.428648471832275,10.994486808776855,6.760905742645264,12.005727767944336,4.341221332550049,3.127519130706787,15.587677955627441,1.8584489822387695,34.57483673095703,88.25519561767578
202302,credit_score,less_680,181,68.80316004563474,131.54785147226204,25.81109046936035,21.633399963378906,21.312082290649414,47.444488525390625,45.597286224365234,24.70404624938965,32.09225845336914,3.454353094100952,14.610169410705566,22.850900650024414,14.622634887695312,11.68262004852295,8.486873626708984,11.70960807800293,8.912506103515625,5.175191402435303,18.214353561401367,15.165130615234375,28.8359432220459,31.623201370239258
202302,credit_score,between_680_760,308,26.07138017223578,223.61529611539893,38.81258773803711,6.321369171142578,1.2997957468032837,45.13395690917969,14.0057954788208,34.72753143310547,27.09193992614746,10.03882884979248,11.99100112915039,17.412437438964844,8.989104270935059,14.148613929748535,9.928401947021484,13.524658203125,9.62848949432373,7.859021186828613,21.133981704711914,3.2678070068359375,35.43904113769531,67.62171936035156
202302,credit_score,over_760,496,4.467251001704779,235.48458726647664,37.337528228759766,0.6918257474899292,0.0,38.029354095458984,1.8191888332366943,22.45333480834961,20.01905059814453,5.785158634185791,13.30308723449707,7.445484161376953,1.336456060409546,11.251874923706055,7.486294746398926,12.86605453491211,4.295539855957031,4.912704944610596,12.724920272827148,5.205162525177002,31.703758239746094,84.6811294555664
202306,credit_score,less_680,171,84.18036033786612,148.43801600248835,22.885738372802734,30.046979904174805,20.575214385986328,53.09051513671875,56.76447677612305,33.46506118774414,40.972110748291016,4.484563827514648,13.26088809967041,24.867900848388672,9.404557228088379,16.045225143432617,5.6159820556640625,10.886051177978516,14.796242713928223,9.73672866821289,17.689250946044922,19.680173873901367,34.938140869140625,34.52083969116211
202306,credit_score,between_680_760,284,21.01303457575828,190.36302975698038,38.77439880371094,5.920252323150635,3.7805018424987793,44.69465255737305,13.245997428894043,30.051286697387695,25.43272590637207,10.288548469543457,13.350224494934082,12.31339168548584,7.738979816436768,13.752272605895996,9.637129783630371,11.296321868896484,8.488973617553711,4.107886791229248,18.528457641601562,1.7435165643692017,35.300140380859375,67.923828125
202306,credit_score,over_760,499,8.020608464983054,228.5760728510784,33.264400482177734,1.3646653890609741,0.11755997687578201,34.629066467285156,3.9408090114593506,23.04128074645996,19.39452362060547,5.8328857421875,10.833168029785156,7.918414115905762,3.469482421875,10.433197975158691,5.678553104400635,12.308533668518066,4.482633590698242,4.474503993988037,15.247282981872559,3.6698787212371826,35.83858108520508,81.88558197021484
202310,credit_score,less_680,176,80.86504851912002,167.36952015915045,23.210630416870117,25.570274353027344,17.07320785522461,48.780906677246094,52.418617248535156,33.71537780761719,39.445037841796875,6.848913669586182,12.483808517456055,41.152854919433594,6.148772716522217,13.421104431152344,6.303677082061768,8.58212661743164,14.141658782958984,3.244905471801758,11.184549331665039,22.869905471801758,31.812158584594727,33.024356842041016
202310,credit_score,between_680_760,250,25.45958834318262,192.74334091020165,43.663421630859375,7.844065189361572,3.0643420219421387,51.507484436035156,15.22898006439209,24.055356979370117,37.446022033691406,3.9712793827056885,16.162471771240234,15.519623756408691,4.864572525024414,14.717162132263184,6.562636375427246,12.327702522277832,8.020221710205078,3.958883047103882,16.91986656188965,7.011173248291016,31.1156063079834,64.38970947265625
202310,credit_score,over_760,523,14.705975400719506,257.181876373383,36.266483306884766,2.541175365447998,0.2868049442768097,38.84838104248047,6.548128604888916,22.406417846679688,21.810033798217773,4.095810413360596,13.215578079223633,10.590690612792969,1.8646728992462158,12.272896766662598,4.6401166915893555,10.137989044189453,4.717224597930908,3.2858877182006836,12.971078872680664,4.058864593505859,36.14779281616211,82.04344177246094
202402,credit_score,less_680,177,69.00999872182686,151.52044913172008,28.521215438842773,24.887853622436523,18.31816291809082,53.4090690612793,46.59855270385742,31.41147804260254,41.357261657714844,3.0093963146209717,9.218193054199219,28.341672897338867,2.990891218185425,12.78729248046875,8.576059341430664,12.303128242492676,12.733816146850586,8.639742851257324,17.183944702148438,25.907167434692383,26.26078224182129,31.495967864990234
202402,credit_score,between_680_760,267,15.357352251874685,180.208416206176,43.38005065917969,5.328285217285156,3.364485740661621,48.708335876464844,10.939165115356445,24.341747283935547,31.604490280151367,7.876852989196777,12.726298332214355,14.131633758544922,0.4905388653278351,12.066754341125488,7.051408767700195,9.922768592834473,7.15665340423584,9.285855293273926,16.668182373046875,3.098740816116333,37.24641418457031,70.8501968383789
202402,credit_score,over_760,489,3.8812548286586668,227.41808626639354,37.62171173095703,0.6106855869293213,0.6483103036880493,38.232398986816406,1.5972987413406372,20.756261825561523,22.64358139038086,6.17295503616333,9.740612983703613,8.7439546585083,0.58274245262146,10.328168869018555,4.6453399658203125,8.715150833129883,5.942762851715088,3.3227224349975586,12.884149551391602,1.325013518333435,40.16128158569336,89.163818359375
202406,credit_score,less_680,170,82.93102579892104,160.79928900751304,26.789613723754883,28.863737106323242,14.711380958557129,55.653350830078125,51.86343002319336,30.554359436035156,39.060943603515625,6.636559009552002,19.410917282104492,26.77134132385254,13.455024719238281,18.278379440307617,7.719980716705322,10.048977851867676,10.039727210998535,9.66125202178955,14.361875534057617,23.882431030273438,29.02501106262207,28.828641891479492
202406,credit_score,between_680_760,235,19.552899139789506,151.9294874621313,41.46364212036133,5.400453567504883,2.5784382820129395,46.86409378051758,11.523648262023926,23.328773498535156,27.12725830078125,8.673175811767578,11.43126392364502,15.963689804077148,3.9914779663085938,14.121792793273926,5.457747459411621,9.430519104003906,9.71306037902832,8.220695495605469,12.54596996307373,5.258518695831299,36.351444244384766,67.5423583984375
202406,credit_score,over_760,481,7.033612991395096,228.51883267967625,35.77907180786133,1.3754228353500366,0.4577891230583191,37.15449523925781,3.70190167427063,20.41234016418457,23.69399070739746,6.120738983154297,10.02108097076416,7.689785957336426,0.46556246280670166,10.36036205291748,6.980797290802002,9.721352577209473,4.609811305999756,4.728451251983643,13.809718132019043,2.4431498050689697,45.33979415893555,89.69563293457031
202410,credit_score,less_680,200,102.59022674542649,179.58070313791805,21.9837703704834,26.535554885864258,22.811248779296875,48.519325256347656,54.69069290161133,25.441177368164062,38.103790283203125,3.9448750019073486,14.673989295959473,29.467790603637695,6.352187156677246,14.307036399841309,7.269861698150635,11.400769233703613,12.75450325012207,8.501262664794922,17.550277709960938,24.5695858001709,27.83270835876465,27.23763084411621
202410,credit_score,between_680_760,251,34.52012834809446,187.15214932021092,38.02724838256836,9.44894027709961,3.1027774810791016,47.47618865966797,19.902482986450195,27.423622131347656,31.493680953979492,9.435486793518066,14.599045753479004,14.787038803100586,5.626365661621094,14.91202449798584,7.092347621917725,10.910035133361816,9.407432556152344,6.379032611846924,13.513545036315918,2.984710454940796,37.130245208740234,65.46057891845703
202410,credit_score,over_760,472,6.561444236059731,240.31981017238462,36.71532440185547,0.9772202968597412,0.24212071299552917,37.692543029785156,2.59260892868042,23.227277755737305,24.466020584106445,5.902835369110107,9.516647338867188,9.352537155151367,1.9737600088119507,10.928454399108887,7.085330963134766,10.422324180603027,5.274162769317627,5.711460113525391,15.398143768310547,4.5310139656066895,44.16447830200195,86.92410278320312
202502,credit_score,less_680,177,55.29944345077423,111.75294677675194,22.696884155273438,20.801820755004883,22.90692138671875,43.815059661865234,47.82170104980469,22.825876235961914,30.597166061401367,1.8191134929656982,11.854779243469238,26.151025772094727,3.9808895587921143,12.337249755859375,6.14013147354126,7.8426737785339355,9.489642143249512,5.633840084075928,21.188339233398438,22.81804847717285,25.849822998046875,26.757387161254883
202502,credit_score,between_680_760,219,44.603349925330654,170.26139408589248,37.69032669067383,8.971756935119629,4.861410617828369,46.66208267211914,19.227081298828125,36.61595916748047,28.442251205444336,9.717386245727539,14.812165260314941,16.792375564575195,5.657459735870361,14.568062782287598,8.290214538574219,11.997843742370605,8.476081848144531,8.886299133300781,9.802844047546387,5.0400848388671875,31.230844497680664,66.0438461303711
202502,credit_score,over_760,423,16.940907297665944,224.28195422709047,38.16117858886719,2.509892225265503,0.3834836483001709,40.67107009887695,6.171197891235352,26.541706085205078,21.22595977783203,6.293728828430176,14.411606788635254,7.896092414855957,3.2383527755737305,11.317358016967773,5.727802276611328,10.986886024475098,7.2014546394348145,4.264366626739502,15.868102073669434,0.5360265970230103,40.275901794433594,86.35977935791016
202506,credit_score,less_680,178,61.78064023553676,123.38512582861233,19.082490921020508,24.892112731933594,22.10500144958496,43.97460174560547,56.605655670166016,25.124324798583984,28.008211135864258,1.6720070838928223,13.184218406677246,26.172693252563477,10.058438301086426,12.121806144714355,3.663874387741089,7.731195449829102,8.177811622619629,2.106900691986084,19.573152542114258,22.891023635864258,25.564266204833984,25.661191940307617
202506,credit_score,between_680_760,242,23.298354226446513,196.85860601148966,45.23606872558594,6.460120677947998,1.7550798654556274,51.696189880371094,12.496317863464355,30.05698013305664,32.192291259765625,12.356277465820312,14.051668167114258,16.338918685913086,5.951687335968018,13.964820861816406,10.97608470916748,14.945819854736328,10.757698059082031,9.416513442993164,13.83077335357666,4.28260612487793,41.55732727050781,69.12673950195312
202506,credit_score,over_760,491,19.079579442168296,269.27126081110396,37.08506774902344,3.8261563777923584,0.3851078152656555,40.911224365234375,9.352339744567871,24.196502685546875,22.665193557739258,6.668161392211914,14.239236831665039,10.969422340393066,1.7378344535827637,12.009960174560547,7.927925109863281,9.996904373168945,6.375432968139648,4.852872371673584,12.916850090026855,3.112093448638916,40.88751983642578,85.33719635009766
201310,age,less_eq_40,350,77.0561143092785,377.6470297600198,49.29068374633789,17.57472801208496,7.712186336517334,66.86540985107422,26.283735275268555,44.722076416015625,37.143836975097656,12.790724754333496,25.829626083374023,15.784645080566406,22.193660736083984,,,,,,20.344024658203125,7.111126899719238,,
201310,age,between_40_59,592,91.39207486061073,447.23993087291615,40.10231399536133,10.66483211517334,10.690441131591797,50.76714324951172,21.00735092163086,30.203914642333984,20.455307006835938,7.020663738250732,15.782114028930664,12.036320686340332,22.694744110107422,,,,,,18.37602424621582,5.789549350738525,,
201310,age,over_60,437,33.7677721957408,204.59032031302786,28.96342658996582,5.955685138702393,4.102890968322754,35.02669906616211,17.055660247802734,15.759695053100586,19.073116302490234,4.075916290283203,9.374112129211426,5.23094367980957,25.436565399169922,,,,,,14.923650741577148,1.0865012407302856,,
201402,age,less_eq_40,323,62.13020358917366,313.31058615557794,46.504817962646484,15.080093383789062,8.603673934936523,61.58491134643555,24.486669540405273,40.728973388671875,38.82262420654297,10.021313667297363,20.5114688873291,18.045944213867188,12.495055198669434,14.721893310546875,11.509068489074707,11.239316940307617,14.625327110290527,4.127768516540527,20.14730453491211,4.0438008308410645,,
201402,age,between_40_59,430,57.629562120308435,343.33945116860707,43.65960693359375,10.645931243896484,9.861489295959473,54.305538177490234,19.60376739501953,31.898164749145508,28.096134185791016,6.550717353820801,19.573110580444336,9.204057693481445,15.780638694763184,13.633794784545898,7.198886871337891,7.148581504821777,4.2002692222595215,7.856740951538086,14.54455852508545,3.7251827716827393,,
201402,age,over_60,350,27.182374076698572,161.5383866794377,29.85665512084961,4.811296463012695,6.679577350616455,34.66795349121094,13.878225326538086,12.982048034667969,23.81085968017578,3.186691999435425,9.895166397094727,3.407291889190674,12.771211624145508,4.50212287902832,1.4753636121749878,7.879678726196289,1.4776934385299683,4.295864105224609,17.19837760925293,1.1966214179992676,,
201406,age,less_eq_40,331,61.64369033907668,319.8716212450923,50.3271484375,12.249675750732422,5.020745277404785,62.57682418823242,19.57541847229004,40.57776641845703,37.80986404418945,13.432377815246582,21.991304397583008,16.591764450073242,7.4911370277404785,10.045239448547363,11.575163841247559,10.1500883102417,7.849495887756348,10.53774356842041,20.3881778717041,5.660674095153809,,
201406,age,between_40_59,425,52.59992239176248,316.3580385989679,43.14541244506836,9.314209938049316,11.681695938110352,52.45962142944336,17.755008697509766,27.058305740356445,28.063196182250977,5.844501495361328,14.155613899230957,13.12622356414795,17.290645599365234,7.750831127166748,6.306401252746582,13.094648361206055,3.733734130859375,10.711481094360352,17.19439697265625,5.825235366821289,,
201406,age,over_60,366,34.13586709051992,158.10085623459446,26.607074737548828,7.396186351776123,6.682024002075195,34.00326156616211,21.75140380859375,19.254566192626953,21.037330627441406,4.366490364074707,8.217737197875977,5.166713237762451,10.513684272766113,4.689397811889648,4.820867538452148,8.686980247497559,2.918694257736206,6.489132404327393,17.260894775390625,2.4667656421661377,,
201410,age,less_eq_40,334,54.956174308592615,279.09753341525175,43.150230407714844,11.831475257873535,6.273552417755127,54.98170471191406,21.518930435180664,45.024879455566406,31.48069190979004,8.847504615783691,18.195737838745117,16.087717056274414,5.882503509521484,11.772322654724121,10.183979988098145,8.929045677185059,7.299429893493652,7.979785442352295,17.518396377563477,6.84604024887085,,
201410,age,between_40_59,437,69.08950775761218,289.7791953603556,33.8506965637207,12.542742729187012,8.52434253692627,46.39344024658203,27.03559684753418,39.18299865722656,28.819791793823242,4.360324382781982,14.509848594665527,9.196142196655273,10.924808502197266,7.190173149108887,4.153707981109619,10.632869720458984,3.043827533721924,6.248776435852051,14.468449592590332,5.978100776672363,,
201410,age,over_60,393,41.464213276545976,177.11798324208854,27.007701873779297,8.11557388305664,5.02406644821167,35.12327575683594,23.10597038269043,13.399114608764648,22.538238525390625,3.0885655879974365,9.690876007080078,8.981511116027832,7.089592456817627,4.990010738372803,2.2595372200012207,5.895696640014648,0.8820875883102417,4.654494762420654,18.271657943725586,1.2648733854293823,,
201502,age,less_eq_40,336,49.68391604982856,322.5358114353608,47.2510871887207,11.311087608337402,7.090672969818115,58.56217575073242,19.314664840698242,42.98019027709961,34.17469787597656,10.34597396850586,22.096662521362305,20.673851013183594,5.698841094970703,17.988182067871094,13.528125762939453,15.80190372467041,10.076883316040039,11.25318717956543,18.803659439086914,3.66983962059021,,
201502,age,between_40_59,421,67.0318914507791,317.8731379647395,38.325599670410156,10.780517578125,10.701665878295898,49.106117248535156,21.95351219177246,28.729230880737305,30.347633361816406,7.516056060791016,17.840375900268555,12.167125701904297,8.120664596557617,10.30018138885498,6.887790679931641,12.275760650634766,5.262120723724365,15.072968482971191,17.072830200195312,3.045311689376831,,
201502,age,over_60,372,25.222750256622856,147.74198343611238,26.25627899169922,5.544464111328125,4.898315906524658,31.800743103027344,17.435014724731445,17.158945083618164,20.043004989624023,3.489515542984009,9.158594131469727,4.22512674331665,4.957529544830322,7.624999523162842,4.2767863273620605,7.052760124206543,2.685654401779175,7.501497745513916,14.206496238708496,2.9901936054229736,,
201506,age,less_eq_40,335,45.87102966305056,334.5929743476819,48.00431823730469,10.263855934143066,4.6674580574035645,58.26817321777344,17.614856719970703,44.01726150512695,36.759849548339844,12.890108108520508,19.353925704956055,26.34489631652832,11.104504585266113,18.749147415161133,14.196632385253906,14.610087394714355,16.88187026977539,10.34669017791748,16.64415168762207,3.35929274559021,,
201506,age,between_40_59,412,37.87050321390108,283.10416002966167,43.38642883300781,7.077670574188232,9.730941772460938,50.46409606933594,14.025160789489746,30.425222396850586,28.200969696044922,5.730437755584717,17.380939483642578,11.476802825927734,8.240221977233887,10.009090423583984,7.670048713684082,14.887733459472656,5.579623222351074,11.507486343383789,11.147822380065918,5.877335548400879,,
201506,age,over_60,360,11.521965137952764,145.7952532726636,31.62309455871582,2.5681586265563965,4.715243339538574,34.191253662109375,7.5111565589904785,14.589481353759766,22.205486297607422,3.3022379875183105,8.593937873840332,3.0989086627960205,7.258572578430176,5.254584312438965,4.63119649887085,9.01745891571045,3.129445791244507,9.450394630432129,15.548090934753418,3.0337209701538086,,
201510,age,less_eq_40,305,40.50929418814393,277.73290954202565,48.062076568603516,9.665870666503906,9.816214561462402,57.72794723510742,16.743831634521484,46.496158599853516,33.36510467529297,12.92232894897461,15.820779800415039,24.802478790283203,9.406593322753906,16.16490936279297,15.238017082214355,14.15571403503418,14.990029335021973,9.111056327819824,21.138269424438477,5.18394660949707,32.763633728027344,65.87921905517578
201510,age,between_40_59,402,56.263442038279,296.6866387917309,41.233848571777344,11.141058921813965,7.648309707641602,52.37490463256836,21.27174949645996,30.728620529174805,29.448787689208984,5.39901065826416,16.91181755065918,14.750553131103516,14.688884735107422,8.479248046875,6.396667003631592,11.385660171508789,5.74912166595459,9.285016059875488,8.840846061706543,3.1152069568634033,32.014068603515625,62.881553649902344
201510,age,over_60,344,13.269420100989008,160.83063137581883,34.04965591430664,2.989250659942627,6.580633640289307,37.03890609741211,8.07056999206543,10.429235458374023,19.853939056396484,5.055069923400879,12.900496482849121,5.924201965332031,9.639286994934082,5.361731052398682,4.461820602416992,6.0248565673828125,2.582294464111328,10.439382553100586,14.1796875,0.3746448755264282,27.09711265563965,73.69860076904297
201602,age,less_eq_40,291,52.27181071976896,315.7213398133201,50.22694396972656,13.65970230102539,4.251327991485596,64.81085205078125,21.381155014038086,51.12923812866211,40.29335403442383,10.538305282592773,18.86151123046875,25.35813331604004,14.214747428894043,21.055871963500977,12.648064613342285,17.741804122924805,15.371058464050293,12.274343490600586,23.717464447021484,4.905966281890869,36.177791595458984,64.7163314819336
201602,age,between_40_59,398,36.00690799713149,289.08387057466484,41.3109016418457,8.411259651184082,7.795923233032227,49.722164154052734,16.916519165039062,28.935531616210938,27.037315368652344,6.1359543800354,17.851890563964844,14.933188438415527,10.207059860229492,9.29184627532959,7.377099990844727,14.118231773376465,4.399393558502197,7.524904251098633,8.837072372436523,5.443861484527588,34.37863540649414,67.32503509521484
201602,age,over_60,337,17.56865471266697,150.10931171286927,31.31395721435547,2.7374870777130127,6.997217655181885,34.05144500732422,8.039268493652344,12.24290657043457,20.267608642578125,3.3584821224212646,12.837262153625488,5.5138139724731445,9.642460823059082,6.849569320678711,3.0290982723236084,5.357107162475586,3.318333387374878,6.706326961517334,16.375301361083984,1.5429939031600952,26.882204055786133,72.57726287841797
201606,age,less_eq_40,322,47.07287588676993,302.38560752970443,46.73422622680664,11.726420402526855,8.317325592041016,58.46064758300781,20.058656692504883,38.489810943603516,35.969276428222656,10.80423355102539,16.876018524169922,19.740049362182617,15.864058494567871,17.410579681396484,13.357906341552734,16.25604820251465,10.047200202941895,14.032905578613281,17.039382934570312,9.528818130493164,34.98604965209961,58.500667572021484
201606,age,between_40_59,410,33.844470952990854,333.6267209181397,49.210227966308594,7.317170143127441,5.5967278480529785,56.527400970458984,12.944466590881348,30.823328018188477,34.38594436645508,5.538973331451416,19.054067611694336,12.412359237670898,9.340600967407227,10.439435958862305,6.941127300262451,12.45417308807373,5.7916460037231445,10.638869285583496,12.606844902038574,3.418505907058716,37.575538635253906,67.67701721191406
201606,age,over_60,346,15.126986373840714,144.67881116667607,29.15108871459961,3.2489378452301025,5.464818954467773,32.400028228759766,10.02757740020752,17.078907012939453,21.72312355041504,4.608427047729492,9.919069290161133,4.364585876464844,5.187864303588867,6.126914024353027,4.262805461883545,8.282374382019043,2.348299741744995,10.876124382019043,17.985973358154297,1.271671175956726,28.68947982788086,69.99942779541016
201610,age,less_eq_40,332,64.43652854301288,303.41682205760645,41.870174407958984,13.190718650817871,10.471821784973145,55.06089401245117,23.956600189208984,38.19514846801758,37.346187591552734,8.12650203704834,18.511533737182617,19.111019134521484,9.47920036315918,16.006690979003906,11.189692497253418,17.001354217529297,10.257135391235352,11.569440841674805,14.325151443481445,4.954947471618652,36.4096565246582,53.40011978149414
201610,age,between_40_59,420,61.69524008595627,340.9485081675676,41.177040100097656,10.678833961486816,8.055107116699219,51.855873107910156,20.593297958374023,28.68813705444336,29.394878387451172,8.246570587158203,15.509685516357422,12.828865051269531,18.308019638061523,12.617186546325684,7.127706050872803,12.758726119995117,6.201022624969482,12.432065963745117,16.415075302124023,4.473528861999512,38.49169921875,68.27383422851562
201610,age,over_60,377,13.460123199634332,180.11895146593668,36.61784362792969,2.5959830284118652,1.387378215789795,39.213829040527344,6.620070457458496,17.453824996948242,21.416187286376953,6.365530967712402,10.896370887756348,6.28408145904541,7.7233757972717285,5.109323024749756,4.722257614135742,7.270073413848877,2.3268208503723145,12.214250564575195,13.693785667419434,3.284461259841919,27.067842483520508,74.5253677368164
201702,age,less_eq_40,348,41.56982291745757,276.2540516395453,43.279476165771484,9.922499656677246,12.930572509765625,53.20197677612305,18.650623321533203,40.58523941040039,32.605716705322266,7.575277805328369,16.72764778137207,11.972657203674316,12.752511978149414,15.16336727142334,11.981061935424805,16.04435920715332,9.20785903930664,8.440723419189453,14.17409896850586,6.696395397186279,31.432722091674805,60.28019714355469
201702,age,between_40_59,434,51.455322773769076,290.2348139001872,39.56944274902344,10.139371871948242,8.072979927062988,49.70881652832031,20.397533416748047,26.347532272338867,23.39902114868164,6.30476188659668,20.453523635864258,9.557686805725098,10.74333667755127,9.73283863067627,8.993109703063965,12.133548736572266,7.38409423828125,9.173596382141113,18.318645477294922,6.906956195831299,33.59433364868164,67.79071044921875
201702,age,over_60,376,19.541097174072735,166.4574624703589,32.028594970703125,3.9152660369873047,4.1299920082092285,35.9438591003418,10.892724990844727,12.923768043518066,21.194002151489258,6.7926459312438965,7.117494583129883,3.6988794803619385,14.70527458190918,8.101118087768555,5.735164642333984,9.051321029663086,2.863170862197876,7.0237202644348145,10.803138732910156,2.808506965637207,28.88236427307129,76.24125671386719
201706,age,less_eq_40,364,51.81837283070008,338.87842767010375,47.20516586303711,12.80756950378418,5.484011173248291,60.01273727416992,21.341419219970703,37.43631362915039,34.35332107543945,10.706825256347656,22.39927864074707,18.57099723815918,10.876777648925781,14.184473991394043,12.324156761169434,12.958734512329102,11.679320335388184,8.759255409240723,18.11406898498535,5.259974002838135,31.256988525390625,62.363067626953125
201706,age,between_40_59,428,67.43498718593602,330.6988828321607,38.79801940917969,14.59984302520752,6.989023208618164,53.39786148071289,27.341625213623047,26.722023010253906,31.395496368408203,7.584209442138672,16.803022384643555,12.9554443359375,11.647931098937988,10.835247993469238,7.0241169929504395,12.143533706665039,5.002105236053467,8.989924430847168,15.338431358337402,8.478967666625977,35.42812728881836,66.89237213134766
201706,age,over_60,380,20.44739569147472,185.31206375970808,34.68803787231445,4.689090251922607,4.972865581512451,39.37712860107422,11.908156394958496,13.856040954589844,23.124248504638672,5.313614845275879,11.364874839782715,5.594022750854492,7.879838466644287,6.9628376960754395,3.277538776397705,7.760421276092529,4.093663215637207,3.0120179653167725,18.742143630981445,6.046934604644775,29.610458374023438,71.53034973144531
201710,age,less_eq_40,366,37.6964445571856,308.77443259393914,46.36398696899414,9.237530708312988,7.525563716888428,55.60151672363281,16.61380958557129,35.68844985961914,30.34317398071289,11.601449966430664,19.424617767333984,17.861318588256836,9.469621658325195,10.893109321594238,10.295708656311035,15.33889102935791,10.198616027832031,8.419686317443848,15.709254264831543,5.833042621612549,34.69712829589844,66.80178833007812
201710,age,between_40_59,422,47.12309489194558,320.7589415050999,43.42649841308594,9.182125091552734,6.19630765914917,52.60862350463867,17.453649520874023,27.768268585205078,29.759044647216797,11.423051834106445,18.266738891601562,10.490602493286133,7.140247821807861,12.074071884155273,5.524704456329346,11.795175552368164,5.590484619140625,10.819458961486816,14.309041976928711,6.649369239807129,34.0478401184082,65.43885803222656
201710,age,over_60,401,27.025387040813776,199.44058647888917,34.941253662109375,4.8200249671936035,3.5685980319976807,39.76128005981445,12.122408866882324,15.036065101623535,24.739919662475586,4.757465839385986,10.088180541992188,8.967495918273926,7.682340145111084,8.791266441345215,3.7941582202911377,8.398966789245605,4.023789882659912,5.120463848114014,14.788873672485352,4.575581073760986,30.565793991088867,76.11324310302734
201802,age,less_eq_40,332,44.28599537599511,284.3889548869582,46.46181869506836,8.241205215454102,8.549296379089355,54.703025817871094,15.06535530090332,33.95630645751953,32.468772888183594,12.799917221069336,19.750972747802734,15.074128150939941,4.347590923309326,14.076717376708984,10.613539695739746,11.605289459228516,11.544957160949707,6.665007591247559,10.240867614746094,8.618226051330566,35.77212905883789,67.84798431396484
201802,age,between_40_59,414,58.84513864719639,286.5842337946958,37.56275939941406,11.553871154785156,9.419169425964355,49.11663055419922,23.523338317871094,25.8610782623291,28.16473960876465,7.207213878631592,16.768903732299805,11.895291328430176,10.033857345581055,8.617705345153809,7.163465976715088,10.560202598571777,6.738358020782471,9.656596183776855,14.806855201721191,6.7367401123046875,33.7648811340332,66.13166809082031
201802,age,over_60,391,11.8538401453561,161.73153117444411,31.758644104003906,2.8705520629882812,4.559453964233398,34.62919616699219,8.289399147033691,9.80190372467041,18.487144470214844,2.9031882286071777,14.321819305419922,3.1020610332489014,9.533409118652344,5.618258953094482,2.915405511856079,7.507595062255859,2.886434555053711,3.967803716659546,19.343156814575195,0.7176257371902466,29.19524383544922,77.24588012695312
201806,age,less_eq_40,319,77.63028873354071,287.25720642279646,37.78297805786133,15.950284957885742,7.404537677764893,53.7332649230957,29.684192657470703,42.15069580078125,36.42852783203125,9.92375373840332,16.083560943603516,23.47376823425293,4.612996578216553,16.291046142578125,11.296931266784668,12.617164611816406,9.954084396362305,5.487990379333496,19.027420043945312,9.956610679626465,35.380191802978516,62.452613830566406
201806,age,between_40_59,402,55.589053020988686,251.40516619740168,32.1043815612793,9.938879013061523,6.079001426696777,42.04325866699219,23.6396484375,27.128202438354492,24.80516815185547,5.9184794425964355,15.210859298706055,11.59985065460205,8.68667984008789,9.840004920959473,7.567877292633057,13.768998146057129,6.0494537353515625,7.661095142364502,11.980425834655762,8.024635314941406,31.687217712402344,60.3343620300293
201806,age,over_60,411,15.830708393165546,183.70634506303765,31.653345108032227,3.6266732215881348,3.8275043964385986,35.2800178527832,10.279681205749512,13.384429931640625,18.89208984375,6.165219783782959,11.199456214904785,7.046179294586182,8.820432662963867,7.430348873138428,4.537604808807373,7.646963596343994,2.6672751903533936,6.967410564422607,16.00850486755371,3.4833524227142334,34.02054977416992,77.05681610107422
201810,age,less_eq_40,352,90.3207398480568,386.95742546067373,41.95576477050781,19.410118103027344,6.229826927185059,61.36588668823242,31.630146026611328,36.531097412109375,43.85145568847656,11.450406074523926,20.508010864257812,27.06735610961914,10.806410789489746,15.37580680847168,11.124293327331543,10.738279342651367,10.406986236572266,5.338547229766846,15.48560905456543,9.677845001220703,34.7023811340332,62.67909240722656
201810,age,between_40_59,431,40.4534284907252,288.80625467965604,41.82001876831055,7.687992572784424,7.29162073135376,49.50801086425781,15.52878475189209,31.064895629882812,26.53489875793457,5.348934650421143,15.324063301086426,9.551125526428223,10.362007141113281,10.51232624053955,8.180652618408203,12.345573425292969,5.140233993530273,7.773314952850342,17.4296817779541,7.326732158660889,31.933002471923828,65.36557006835938
201810,age,over_60,400,28.964021872699107,191.46070455011167,29.819364547729492,5.128428936004639,4.030693054199219,34.947792053222656,14.674543380737305,16.46458625793457,23.88871955871582,4.250368595123291,11.774645805358887,7.1383748054504395,5.687735557556152,9.301862716674805,4.637818813323975,8.361605644226074,3.9209225177764893,5.759119987487793,13.934231758117676,4.8855180740356445,30.65572738647461,76.11966705322266
201902,age,less_eq_40,350,53.48690541170718,290.3784513891394,45.312313079833984,9.06733226776123,8.857537269592285,54.37964630126953,16.674129486083984,40.5883903503418,31.2937068939209,8.671808242797852,17.00754737854004,22.480283737182617,6.5875678062438965,15.200778007507324,11.717340469360352,13.241133689880371,13.518363952636719,7.525546550750732,17.98460578918457,9.116835594177246,34.311161041259766,66.8564453125
201902,age,between_40_59,421,39.4381300035489,291.48535165577124,43.59407043457031,7.191514015197754,7.785581588745117,50.78558349609375,14.160542488098145,31.056703567504883,29.586015701293945,7.614840984344482,12.146272659301758,13.983811378479004,7.482219696044922,10.472466468811035,7.275006294250488,12.786493301391602,6.576621055603027,7.186313629150391,14.001659393310547,7.2310075759887695,33.85361862182617,67.08602142333984
201902,age,over_60,402,30.534501481650583,181.58585092541773,28.585777282714844,6.441625118255615,3.6147897243499756,35.027400970458984,18.390243530273438,14.098825454711914,20.666250228881836,5.9750518798828125,8.563241958618164,7.156517028808594,7.690415382385254,8.69877815246582,3.465778112411499,9.31285572052002,3.5409975051879883,4.698630332946777,12.741057395935059,2.942565441131592,30.75836181640625,76.96577453613281
201906,age,less_eq_40,336,42.22645433516625,268.269651551734,42.26189041137695,9.766980171203613,4.941251277923584,52.02886962890625,18.772232055664062,38.582252502441406,30.62650489807129,11.141170501708984,15.462960243225098,16.890344619750977,6.346505641937256,15.774004936218262,13.528444290161133,16.516592025756836,10.424115180969238,7.685083866119385,17.661069869995117,7.034499645233154,34.28493118286133,65.22097778320312
201906,age,between_40_59,411,48.13315528413066,294.7679536834244,39.738494873046875,10.241273880004883,9.097092628479004,49.979766845703125,20.4908390045166,28.04198455810547,32.43075942993164,7.535480976104736,12.01278018951416,15.218857765197754,7.189216136932373,12.331032752990723,7.094136714935303,11.970254898071289,5.7131829261779785,9.71116828918457,14.470634460449219,7.42301607131958,34.977787017822266,66.08332061767578
201906,age,over_60,406,26.23730504744273,181.42699794739565,30.42833137512207,5.2877116203308105,5.456750869750977,35.716041564941406,14.804863929748535,17.48955535888672,22.498733520507812,5.554926872253418,8.972131729125977,6.700981616973877,6.076451301574707,6.628032207489014,5.138988971710205,8.24413776397705,3.3348824977874756,5.9875874519348145,17.605976104736328,5.380518913269043,30.83716583251953,76.86286926269531
201910,age,less_eq_40,344,62.818071900905444,317.9489540648428,42.148677825927734,13.076744079589844,8.534429550170898,55.22542190551758,23.678848266601562,39.192909240722656,30.917633056640625,14.369468688964844,18.198556900024414,19.391965866088867,12.075214385986328,17.8525333404541,14.137124061584473,13.234667778015137,10.93270492553711,13.254927635192871,16.241605758666992,6.013846397399902,36.21860885620117,63.38237762451172
201910,age,between_40_59,390,36.580185052180944,275.2326759099481,41.66660690307617,7.222668647766113,6.671524524688721,48.88927459716797,14.773524284362793,23.024635314941406,31.51084327697754,6.339824676513672,13.80036735534668,12.797652244567871,9.37589168548584,11.915567398071289,6.584090709686279,12.050670623779297,7.40725564956665,13.444648742675781,15.767291069030762,7.789137840270996,35.69512176513672,66.9812240600586
201910,age,over_60,400,29.394686893001907,172.7610688836312,28.502452850341797,5.317059516906738,3.375394105911255,33.81951141357422,15.721869468688965,14.7310152053833,19.724388122558594,5.582202434539795,9.338573455810547,5.783594608306885,8.977800369262695,8.231522560119629,4.428754806518555,7.706303596496582,5.046230316162109,6.921038627624512,12.456058502197266,3.978658437728882,31.95132064819336,76.7987289428711
202002,age,less_eq_40,353,35.20341583668384,273.09234557998144,42.37821960449219,8.22454833984375,9.823237419128418,50.7728271484375,16.253158569335938,41.15850830078125,29.653209686279297,8.198058128356934,14.0849027633667,19.47673797607422,12.447257041931152,18.262453079223633,13.592167854309082,14.263989448547363,16.82280921936035,10.40213680267334,15.718177795410156,9.67065715789795,36.649261474609375,66.647216796875
202002,age,between_40_59,406,44.22013263131769,337.6386052280411,45.254947662353516,9.117767333984375,6.127747058868408,54.37271499633789,16.769012451171875,31.453052520751953,30.40544891357422,9.40751838684082,19.13530158996582,16.959104537963867,10.301528930664062,13.219671249389648,9.18697738647461,10.830313682556152,9.014361381530762,12.166025161743164,14.753730773925781,6.057453155517578,34.81108474731445,70.06610870361328
202002,age,over_60,394,14.274848861568639,171.49524999474312,30.83968734741211,2.608257532119751,5.19814395904541,33.44794464111328,7.79796028137207,16.7983341217041,19.815399169921875,3.0913197994232178,11.311216354370117,6.631534576416016,9.979007720947266,8.331437110900879,3.474874258041382,7.93165397644043,2.8065543174743652,8.948509216308594,21.160144805908203,4.791819095611572,27.125930786132812,76.99717712402344
202006,age,less_eq_40,320,50.79544935863725,225.5413148032497,35.76917266845703,9.672501564025879,8.207201957702637,45.441673278808594,21.285531997680664,32.4312744140625,22.01041030883789,7.855645656585693,14.359162330627441,15.64771556854248,22.28689193725586,13.98217487335205,11.242066383361816,10.852492332458496,12.154983520507812,12.000839233398438,12.683722496032715,3.668888807296753,35.600364685058594,71.76570129394531
202006,age,between_40_59,363,31.532194739280737,223.7354949446117,35.253082275390625,5.536717891693115,6.985305309295654,40.78980255126953,13.573780059814453,23.87947654724121,20.661407470703125,6.1547441482543945,15.706414222717285,10.987357139587402,11.109037399291992,6.690773963928223,5.366951942443848,10.677597999572754,4.893066883087158,11.62333869934082,19.641586303710938,7.411251544952393,37.99369812011719,68.22187805175781
202006,age,over_60,356,10.402872302981077,141.563054904025,29.53609275817871,2.7666263580322266,5.8335700035095215,32.30271911621094,8.564685821533203,16.526247024536133,15.988941192626953,2.3665969371795654,10.988433837890625,3.8360681533813477,14.376742362976074,5.761377811431885,3.9411239624023438,6.5575947761535645,4.353153705596924,13.053970336914062,15.553121566772461,3.441603422164917,25.7469539642334,73.39215850830078
202010,age,less_eq_40,315,28.2811089588264,196.8186773840775,35.46137619018555,7.4589104652404785,9.060333251953125,42.99360275268555,17.37851905822754,37.10927963256836,17.717187881469727,7.585860252380371,14.36275577545166,12.093718528747559,20.705347061157227,11.599818229675293,8.475736618041992,10.994446754455566,12.179755210876465,11.062392234802246,15.380858421325684,4.555418014526367,35.29018020629883,67.6359634399414
202010,age,between_40_59,376,42.279203734153505,229.65924579150519,34.203269958496094,8.494745254516602,8.161347389221191,42.69801712036133,19.894939422607422,28.175859451293945,21.362445831298828,4.796950817108154,16.07773780822754,8.186939239501953,15.98754596710205,9.680244445800781,4.6862030029296875,12.315877914428711,4.520273685455322,8.41773796081543,17.532634735107422,8.637721061706543,32.771270751953125,60.87732696533203
202010,age,over_60,342,15.418258409536367,92.81187821727134,17.262847900390625,3.0653934478759766,4.911462306976318,20.3282413482666,15.079483032226562,15.746835708618164,8.73054027557373,4.551629066467285,5.123433589935303,2.4907126426696777,12.092133522033691,4.549428939819336,2.9300451278686523,6.952700614929199,2.3714067935943604,17.000070571899414,16.328060150146484,3.6724274158477783,23.208763122558594,68.62171173095703
202102,age,less_eq_40,345,52.229714149595424,284.27027604618934,44.868896484375,11.729081153869629,7.452237606048584,56.59797668457031,20.723499298095703,41.271820068359375,23.292116165161133,13.904060363769531,13.097250938415527,17.678876876831055,27.893159866333008,15.269896507263184,13.59865951538086,14.002338409423828,14.17615795135498,13.169084548950195,14.707897186279297,5.3841142654418945,38.24609375,65.54193115234375
202102,age,between_40_59,376,50.67508998695129,256.18232191281237,34.077369689941406,9.22348690032959,9.066351890563965,43.30085754394531,21.300933837890625,33.29452133178711,17.223590850830078,7.517186641693115,18.71373176574707,10.640278816223145,22.988035202026367,9.46541690826416,9.440250396728516,11.166156768798828,6.850566864013672,11.078310012817383,14.111695289611816,7.692994594573975,36.37541580200195,64.2814712524414
202102,age,over_60,351,19.45662502779479,175.82788460666762,32.306907653808594,4.777665615081787,2.3820109367370605,37.08457565307617,12.883161544799805,20.575326919555664,18.388248443603516,5.234726905822754,13.325935363769531,3.1259195804595947,23.22951316833496,9.418366432189941,4.309276580810547,9.938329696655273,4.074132442474365,19.720117568969727,14.323606491088867,4.5260210037231445,34.74842071533203,79.05331420898438
202106,age,less_eq_40,388,51.89207894079398,333.56565337403214,43.92399978637695,11.40943717956543,6.92415189743042,55.333438873291016,20.61942481994629,38.46250915527344,27.961105346679688,12.567994117736816,16.466997146606445,15.074357986450195,28.039180755615234,15.360427856445312,11.479782104492188,11.755187034606934,10.205218315124512,9.61409854888916,12.685659408569336,7.60156774520874,31.476930618286133,60.396034240722656
202106,age,between_40_59,396,34.610768433879805,303.2429292883726,39.591896057128906,6.501616954803467,10.392629623413086,46.4713020324707,14.105276107788086,32.04510498046875,23.821069717407227,6.033112525939941,17.53538703918457,13.549134254455566,27.95391273498535,9.200074195861816,7.698654651641846,13.136812210083008,6.6411519050598145,10.16089916229248,15.543375015258789,8.283356666564941,33.336082458496094,67.27342987060547
202106,age,over_60,337,15.486599744616653,174.61254998107145,32.68106460571289,3.941375970840454,5.073238372802734,36.622440338134766,10.762187957763672,17.763492584228516,19.39384651184082,3.415022134780884,13.738053321838379,6.250065803527832,24.805255889892578,7.31012487411499,5.787924766540527,10.052106857299805,5.453173637390137,10.674543380737305,13.292351722717285,1.6185110807418823,28.418542861938477,74.791748046875
202110,age,less_eq_40,370,70.17489728598031,344.7748418323771,44.44430923461914,10.987510681152344,5.7688727378845215,55.431819915771484,19.821666717529297,42.78658676147461,35.355430603027344,12.78372573852539,13.512924194335938,16.465784072875977,23.2023983001709,19.399171829223633,13.180986404418945,13.612663269042969,14.842784881591797,8.946454048156738,15.937262535095215,10.474688529968262,35.969886779785156,62.327003479003906
202110,age,between_40_59,398,58.2284976845758,314.67510180009117,38.48971939086914,11.676669120788574,8.471129417419434,50.16638946533203,23.275880813598633,27.899700164794922,27.6171875,8.894136428833008,15.181238174438477,12.55026626586914,22.89872932434082,11.184593200683594,8.335055351257324,12.76922607421875,4.211654186248779,10.083313941955566,14.39570140838623,6.732991695404053,35.353336334228516,67.92811584472656
202110,age,over_60,335,15.654253509013362,153.97992692597248,31.96971893310547,3.7986364364624023,4.59816837310791,35.76835632324219,10.62010383605957,18.7377872467041,18.341087341308594,4.773089408874512,10.098114967346191,6.623547554016113,17.295284271240234,6.910253524780273,5.254188060760498,8.582999229431152,3.9634344577789307,6.406220436096191,12.502604484558105,3.611253023147583,25.870044708251953,68.2604751586914
202202,age,less_eq_40,354,45.11402093497117,307.26049995642995,47.267982482910156,9.886474609375,8.023046493530273,57.154457092285156,17.297819137573242,38.45829772949219,33.52125930786133,10.708329200744629,10.93344497680664,17.583967208862305,24.94545555114746,16.565685272216797,13.594762802124023,13.473292350769043,11.930499076843262,9.514458656311035,16.957748413085938,9.332513809204102,29.565330505371094,62.619197845458984
202202,age,between_40_59,395,59.5237507697385,304.1802568509608,38.01325988769531,10.397512435913086,8.128198623657227,48.41077423095703,21.477684020996094,32.29742431640625,26.44476318359375,8.025354385375977,17.363365173339844,14.39306926727295,18.32413673400879,11.49409008026123,6.7349019050598145,12.21574878692627,6.493393898010254,7.909524917602539,15.919533729553223,4.789544582366943,33.256744384765625,65.92220306396484
202202,age,over_60,314,15.855836790575221,123.21605297549655,27.271947860717773,3.1708126068115234,7.372598648071289,30.442760467529297,10.415654182434082,14.643819808959961,18.10370445251465,3.0859954357147217,10.79141902923584,4.172613143920898,8.893200874328613,7.264842987060547,3.392029285430908,9.884516716003418,3.854550361633301,5.540098667144775,14.16584300994873,4.060692310333252,25.384183883666992,69.40763854980469
202206,age,less_eq_40,373,68.99747247252864,314.7985533953691,43.049163818359375,12.391765594482422,6.712622165679932,55.4409294128418,22.351295471191406,37.761470794677734,32.91403579711914,11.911087989807129,14.697266578674316,17.7865047454834,11.33178424835205,18.699705123901367,10.5673189163208,12.361780166625977,12.6909761428833,7.603545665740967,14.136948585510254,3.7076728343963623,35.387210845947266,63.52470016479492
202206,age,between_40_59,398,50.729932042531296,292.13922980972455,39.0002326965332,8.110040664672852,6.148931980133057,47.11027145385742,17.215015411376953,24.090110778808594,29.3654842376709,9.263402938842773,15.90356159210205,10.529088973999023,13.749086380004883,11.973235130310059,7.693799018859863,13.4046630859375,6.561333179473877,5.288976669311523,14.879778861999512,5.367925643920898,36.18629455566406,64.02749633789062
202206,age,over_60,307,20.716617424653457,137.70346194491358,31.061296463012695,4.822033882141113,3.9694247245788574,35.883331298828125,13.438089370727539,14.080279350280762,21.846107482910156,3.11622953414917,9.292957305908203,9.24120807647705,6.267834663391113,8.244095802307129,4.211987495422363,8.829110145568848,5.0352783203125,3.933469533920288,13.388188362121582,4.195486545562744,29.497665405273438,72.63954162597656
202210,age,less_eq_40,355,66.48535212044125,304.1829384606802,43.14249801635742,12.289786338806152,5.6156511306762695,55.43228530883789,22.170808792114258,38.07406234741211,32.92812728881836,11.777798652648926,15.080843925476074,17.037797927856445,12.517220497131348,18.560171127319336,10.87862777709961,13.168411254882812,12.493887901306152,5.446953773498535,15.865198135375977,5.620550155639648,33.180419921875,63.46918487548828
202210,age,between_40_59,391,46.15277035635723,270.45229963949697,39.38914108276367,9.666109085083008,9.106706619262695,49.134666442871094,19.70453643798828,29.233104705810547,26.094057083129883,7.101024150848389,17.82282829284668,11.17248821258545,7.9619975090026855,14.01307487487793,7.754986763000488,12.49847412109375,5.874101161956787,5.939023971557617,16.177459716796875,5.204444885253906,33.97246170043945,68.34738159179688
202210,age,over_60,294,15.595646913205995,117.97258306804785,27.674715042114258,4.0520219802856445,3.953727960586548,31.72673797607422,12.771632194519043,18.558746337890625,23.2265567779541,2.0384528636932373,6.442157745361328,6.819949150085449,6.201113700866699,9.295138359069824,3.483466148376465,7.608388423919678,4.437473297119141,2.6915011405944824,17.5710506439209,6.208611011505127,32.24458312988281,74.75064086914062
202302,age,less_eq_40,379,70.04732355929484,302.3800086323611,39.73676681518555,11.646427154541016,6.852187633514404,51.38319396972656,22.665830612182617,40.4888801574707,29.163463592529297,11.578981399536133,16.6123104095459,21.127132415771484,5.464503288269043,18.831661224365234,13.893608093261719,16.600013732910156,11.974701881408691,6.311670780181885,16.560977935791016,5.737650394439697,36.804439544677734,62.68118667602539
202302,age,between_40_59,380,38.001163290032665,232.66258098584493,37.34048080444336,6.908371448516846,4.734952449798584,44.24885177612305,15.612544059753418,27.38008689880371,23.296602249145508,3.543123483657837,14.893367767333984,15.447591781616211,6.022924900054932,11.50192642211914,8.462631225585938,12.69853401184082,6.910688400268555,7.098039627075195,16.736740112304688,7.87305212020874,32.70456314086914,65.15536499023438
202302,age,over_60,277,10.98100700555834,105.35971075172473,25.285917282104492,3.344986915588379,3.939042329788208,28.630905151367188,11.683134078979492,12.626476287841797,20.714963912963867,4.19752311706543,7.124274730682373,4.962867259979248,2.8772318363189697,6.744086265563965,3.1165218353271484,8.71412467956543,3.0305285453796387,3.9034509658813477,16.011056900024414,6.340888500213623,27.85091209411621,72.34639739990234
202306,age,less_eq_40,336,58.049108443297364,265.8826589422548,38.51813888549805,12.645638465881348,8.02086067199707,51.27531814575195,24.71599769592285,37.62067413330078,31.238224029541016,9.28709602355957,15.74905776977539,21.026662826538086,4.9689621925354,18.71232032775879,8.988544464111328,13.721380233764648,14.013874053955078,5.898098945617676,15.165803909301758,6.685979843139648,39.03342056274414,61.67878723144531
202306,age,between_40_59,405,56.47766731294881,254.20210727765922,32.059017181396484,9.274378776550293,4.1787614822387695,41.333396911621094,22.437978744506836,28.050487518310547,26.039369583129883,7.13910436630249,11.185153007507324,12.279739379882812,6.220438480377197,12.808855056762695,7.750438213348389,13.137004852294922,7.2324676513671875,4.560878276824951,18.694974899291992,8.526191711425781,36.05516052246094,68.2375717163086
202306,age,over_60,265,18.849577174934577,103.21078725405539,25.03493309020996,5.113691806793213,5.631568431854248,30.148624420166016,16.96160888671875,15.502745628356934,18.38654136657715,3.6684510707855225,9.400991439819336,6.418582916259766,4.169184684753418,6.40700626373291,3.5921695232391357,7.286436080932617,3.4684414863586426,3.7470650672912598,16.747528076171875,4.237301349639893,30.156137466430664,67.3004379272461
202310,age,less_eq_40,359,60.45322217022338,331.3202557712438,45.36198425292969,11.137799263000488,3.3138973712921143,56.588539123535156,19.712995529174805,41.804874420166016,35.27510070800781,4.362486362457275,18.66930389404297,33.82528305053711,6.089892387390137,17.23842430114746,8.937031745910645,12.93062686920166,13.510677337646484,3.2817494869232178,19.028614044189453,6.512635231018066,35.30186462402344,57.61720657348633
202310,age,between_40_59,401,66.60658444923031,275.40729210515735,31.36953353881836,11.732985496520996,6.735726833343506,43.102516174316406,27.221113204956055,26.72199058532715,31.59111213684082,6.670016765594482,13.578536033630371,18.680965423583984,2.4532017707824707,13.888476371765137,6.5444231033325195,11.472150802612305,8.177102088928223,3.4963154792785645,14.587575912475586,13.193087577819824,36.153873443603516,62.76609420776367
202310,age,over_60,235,14.306068164856246,88.67979251737499,25.794490814208984,4.585702419281006,4.0598673820495605,30.38019371032715,15.094381332397461,9.925970077514648,21.3197021484375,2.1001904010772705,9.099574089050293,5.126602649688721,1.6599936485290527,7.893917083740234,1.3719782829284668,6.817922592163086,2.6371943950653076,3.7119879722595215,9.035131454467773,5.892973899841309,28.575777053833008,71.47783660888672
202402,age,less_eq_40,349,61.90385697662271,279.32375710256605,40.55095672607422,12.026864051818848,6.404433727264404,52.57781982421875,22.874404907226562,35.836082458496094,32.71416473388672,8.369152069091797,13.33996295928955,24.87571907043457,1.6824209690093994,18.47170639038086,10.919231414794922,12.434581756591797,13.53639030456543,8.614731788635254,15.859786033630371,7.964371204376221,40.58067321777344,60.52754592895508
202402,age,between_40_59,421,54.79067395930822,261.0580840263896,34.645111083984375,9.803013801574707,10.19709300994873,44.448123931884766,22.054954528808594,23.686817169189453,27.55255126953125,5.945225715637207,11.124960899353027,18.35431671142578,0.3096456825733185,9.907951354980469,4.771746635437012,11.345196723937988,8.29861831665039,5.512233257293701,15.566303253173828,10.889928817749023,32.26966094970703,61.4875373840332
202402,age,over_60,210,8.006119217351461,80.81334438603358,31.333486557006836,2.891066551208496,1.331486463546753,34.224552154541016,8.447345733642578,10.701207160949707,26.586910247802734,2.7075681686401367,5.336884498596191,3.45609188079834,0.778884768486023,6.463607311248779,3.5663788318634033,6.02666711807251,2.7840139865875244,2.543255090713501,11.84939193725586,1.2921169996261597,32.553287506103516,80.54179382324219
202406,age,less_eq_40,337,71.10822918726191,238.54206407919435,30.71358299255371,12.280447959899902,7.521183967590332,42.9940299987793,28.563146591186523,36.291473388671875,25.86110496520996,9.849926948547363,14.252026557922363,20.290678024291992,4.342710018157959,18.384952545166016,10.12098217010498,11.154058456420898,11.754638671875,9.143133163452148,13.682222366333008,9.14931869506836,38.780582427978516,60.572444915771484
202406,age,between_40_59,387,64.32567535742483,269.1653682425831,36.710784912109375,10.9286470413208,7.244710922241211,47.639434814453125,22.940338134765625,23.7420711517334,29.929838180541992,6.7301530838012695,14.659635543823242,15.611093521118164,2.646305561065674,11.956440925598145,6.605391979217529,9.713475227355957,7.068427085876465,5.0237908363342285,14.879632949829102,7.179313659667969,38.18153762817383,62.65914535522461
202406,age,over_60,220,13.676581226812399,86.87691704817286,29.490549087524414,3.8613240718841553,2.1189630031585693,33.351871490478516,11.577532768249512,9.251853942871094,22.149324417114258,4.058811187744141,7.8094916343688965,6.363996505737305,2.360287666320801,7.671957015991211,2.838817596435547,6.6792755126953125,3.633389472961426,4.28059196472168,9.906530380249023,5.960592746734619,36.259735107421875,77.38371276855469
202410,age,less_eq_40,357,87.18103388770074,308.3038294109519,34.206668853759766,13.983711242675781,8.739832878112793,48.19038009643555,29.017641067504883,34.80457305908203,32.04228973388672,10.083596229553223,15.49160385131836,26.105499267578125,6.6565165519714355,18.04100799560547,9.86610221862793,10.833575248718262,15.339672088623047,9.878464698791504,13.174728393554688,13.215766906738281,39.55857849121094,57.02643966674805
202410,age,between_40_59,370,46.669129820913554,234.92157378175233,36.575950622558594,8.08548355102539,6.7861528396606445,44.661434173583984,18.10394859313965,27.424503326416016,29.079370498657227,4.182562351226807,12.515149116516113,13.140238761901855,2.9444236755371094,10.547687530517578,6.4063873291015625,12.981721878051758,7.081057548522949,6.867658615112305,15.486428260803223,8.01101303100586,39.07711410522461,64.45500946044922
202410,age,over_60,243,28.019431104655332,117.76564484189714,26.162883758544922,7.546661376953125,4.655581474304199,33.70954513549805,22.387311935424805,12.65625,25.599151611328125,4.497272491455078,8.141321182250977,9.540003776550293,1.020533561706543,10.294731140136719,4.6623992919921875,8.37187385559082,4.313986301422119,0.8106595873832703,14.771589279174805,4.215243339538574,34.53410720825195,70.65591430664062
202502,age,less_eq_40,321,50.89892318078586,228.0604973523597,33.445255279541016,10.736529350280762,11.345996856689453,44.47091293334961,24.300806045532227,38.26972579956055,26.22580909729004,8.785640716552734,13.971556663513184,22.16565704345703,3.437380075454712,18.954755783081055,8.857029914855957,11.587016105651855,14.12702465057373,7.663466930389404,15.260429382324219,7.453027725219727,36.00309371948242,54.29163360595703
202502,age,between_40_59,324,36.51731570069192,197.64149303425145,35.71723556518555,9.136858940124512,10.785331726074219,44.854095458984375,20.37017822265625,25.787921905517578,25.23240089416504,5.786736011505127,14.233882904052734,14.943361282348633,3.4150800704956055,9.622075080871582,7.154595375061035,11.96219539642334,7.718283653259277,5.441226959228516,13.825348854064941,7.534262180328369,35.425559997558594,62.64354705810547
202502,age,over_60,211,33.29007051895682,103.57387583084359,29.013465881347656,7.246148109436035,4.058743953704834,36.259613037109375,19.984073638916016,18.450857162475586,23.324302673339844,2.905561685562134,11.769100189208984,8.681087493896484,5.629900932312012,8.35545539855957,3.477454423904419,6.49864387512207,4.297433376312256,4.626967906951904,16.170696258544922,6.207820892333984,29.87735366821289,69.77117919921875
202506,age,less_eq_40,347,49.50277861271033,259.21526172016615,35.3468017578125,12.457247734069824,7.2015509605407715,47.804046630859375,26.05898094177246,35.944889068603516,29.07344627380371,8.378235816955566,14.744132041931152,23.24443817138672,4.3639984130859375,16.336950302124023,9.280515670776367,10.805004119873047,14.047686576843262,9.997971534729004,16.77907943725586,8.019743919372559,38.32442092895508,59.627315521240234
202506,age,between_40_59,376,53.697224101181696,262.3728812583277,33.99679946899414,10.472859382629395,6.118810653686523,44.46965789794922,23.55057144165039,29.16159439086914,27.14006996154785,8.66783618927002,12.654036521911621,17.837696075439453,5.877498149871826,12.188126564025879,8.634540557861328,10.698952674865723,8.943582534790039,5.437917709350586,12.11517333984375,9.550517082214355,39.75908660888672,63.514366149902344
202506,age,over_60,248,27.44298171754842,123.18138330160015,28.456388473510742,6.838735103607178,8.194073677062988,35.29512405395508,19.375864028930664,15.089437484741211,21.092050552368164,4.063948631286621,13.317241668701172,8.473982810974121,0.0,8.904340744018555,4.064682960510254,10.117618560791016,2.7964208126068115,4.094266891479492,14.903149604797363,6.478301048278809,30.848342895507812,65.53877258300781
